Website,Title,Description
Dawn,epaper,
Dawn,live tv,
Dawn,dawnnews urdu,
Dawn,images,
Dawn,herald,
Dawn,aurora,
Dawn,cityfm,
Dawn,advertise,
Dawn,events,
Dawn,supplements,
Dawn,classifieds,
Dawn,obituaries,
Dawn,dawncom,
Dawn,todays paper may,
Dawn,gaza siege,
Dawn,flood donations,
Dawn,gaza siege,
Dawn,flood donations,
Dawn,donors pledge over bn for gaza at kuwait conference,
Dawn,,
Dawn,uae hits out at netanyahu for saying it may help run gaza,
Dawn,adoption of palestine resolution to put pressure on us munir akram,
Dawn,washington says use of its weapons by tel aviv in gaza violated law,
Dawn,situation in ajk calms down after days of violent clashes,
Dawn,,
Dawn,heros welcome for hockey team in lahore after winning silver medal in azlan shah cup,
Dawn,,
Dawn,after months of speculation miftah ismail confirms hes forming new political party,
Dawn,,
Dawn,imf mission to meet pakistani authorities next week to discuss next phase of engagement official,
Dawn,,
Dawn,no such thing as strategic stateowned enterprises says finance minister aurangzeb,
Dawn,,
Dawn,fight till the last ball pcb chief tells cricket team in dublin,
Dawn,,
Dawn,canada arrests fourth indian national in killing of sikh activist,
Dawn,,
Dawn,second night of auroras seen amid extreme solar storm,
Dawn,,
Dawn,adb links support with imfs clean chit,
Dawn,,
Dawn,dawn news english,
Dawn,,
Dawn,is pti ready to apologise for may th,
Dawn,,
Dawn,what on earth does the government want from us,
Dawn,,
Dawn,how israels killer robots in gaza are redefining automated warfare,
Dawn,,
Dawn,top news stories pakistans lunar mission,
Dawn,,
Dawn,why are israel and its western allies on the edge over icc arrest warrants,
Dawn,,
Dawn,may,
Dawn,,
Dawn,top news stories modi aggression in kashmir,
Dawn,,
Dawn,americans are upset over us supporting violence against palestinians,
Dawn,,
Dawn,may the day karachi went berserk,
Dawn,,
Dawn,mothers day reflections of a mother,
Dawn,,
Dawn,concerns that modis rhetoric might incite further violence against indian muslims are increasing,
Dawn,,
Dawn,fifas foul on pakistan football,
Dawn,,
Dawn,who can rock the hybrid boat,
Dawn,,
Dawn,challenges working mothers face in the corporate sector,
Dawn,,
Dawn,looming pension crisis cries out for corrective measures,
Dawn,,
Dawn,smokers corner khan and the generals,
Dawn,,
Dawn,editorial it is imperative for the state to reconsider its approach to human rights,
Dawn,,
Dawn,love knows no boundaries at karachis edhi home nursery for special children,
Dawn,,
Dawn,documentary on dr aafia siddiqui launched in karachi,
Dawn,sponsored,
Dawn,,
Dawn,to draw or not to draw,
Dawn,pakistans moment of youth,
Dawn,,
Dawn,nadir guramani,
Dawn,jamil nagri,
Dawn,tariq naqash,
Dawn,zahoor,
Dawn,iftikhar a khan,
Dawn,pakistans icubeqamar beams back first images from moons orbit,
Dawn,,
Dawn,ruling coalition loses reserved seats in punjab,
Dawn,,
Dawn,pia staff forgets to put boys body on plane,
Dawn,,
Dawn,downside risks for pakistan remain exceptionally high imf,
Dawn,,
Dawn,pakistan remain unbeaten in azlan shah cup as match with new zealand ends in tie,
Dawn,,
Dawn,,
Dawn,who can rock the hybrid boat,
Dawn,abbas nasir,
Dawn,,
Dawn,insurgency and social change,
Dawn,muhammad amir rana,
Dawn,,
Dawn,indian elections,
Dawn,aizaz ahmad chaudhry,
Dawn,,
Dawn,overflowing cups,
Dawn,muna khan,
Dawn,,
Dawn,the lethal troika,
Dawn,tariq parvez,
Dawn,a turbulent,
Dawn,a moral victory,
Dawn,hope after defeat,
Dawn,,
Dawn,tariq parvez,
Dawn,the lethal troika,
Dawn,khurram husain,
Dawn,the net metering dead end,
Dawn,reema omer,
Dawn,an inclusive judiciary,
Dawn,sahar bandial,
Dawn,child marriages,
Dawn,faisal bari,
Dawn,education emergency,
Dawn,mohammad ali babakhel,
Dawn,street safety,
Dawn,,
Dawn,imf mission to meet pakistani authorities next week to discuss next phase of engagement official,
Dawn,,
Dawn,no such thing as strategic stateowned enterprises says finance minister aurangzeb,
Dawn,,
Dawn,adb links support with imfs clean chit,
Dawn,,
Dawn,areas of cooperation with saudi arabia identified pm shehbaz,
Dawn,,
Dawn,imf endorses status quo in sbps policy rate,
Dawn,,
Dawn,exports to europe fall despite gsp,
Dawn,,
Dawn,heros welcome for hockey team in lahore after winning silver medal in azlan shah cup,
Dawn,,
Dawn,fight till the last ball pcb chief tells cricket team in dublin,
Dawn,,
Dawn,fifas foul on pakistan football,
Dawn,,
Dawn,bednarek storms to m triumph in doha neeraj chopra falls short,
Dawn,,
Dawn,real madrid eagerly awaits mbappe after psg exit confirmed,
Dawn,,
Dawn,djokovic bottle strike overshadows rome open cruise past moutet,
Dawn,,
Dawn,second night of auroras seen amid extreme solar storm,
Dawn,,
Dawn,canada arrests fourth indian national in killing of sikh activist,
Dawn,,
Dawn,israel orders palestinians to evacuate from more areas of rafah,
Dawn,,
Dawn,uae hits out at netanyahu for saying it may help run gaza,
Dawn,,
Dawn,washington says use of its weapons by tel aviv in gaza violated law,
Dawn,,
Dawn,delhi cm kejriwal exhorts indians to resist dictatorship,
Dawn,,
Dawn,,
Dawn,men must take the lead in standing up against sexual harassment says hamza ali abbasi,
Dawn,images staff,
Dawn,,
Dawn,we asked moms what they want for mothers day no it isnt kurtas and candles,
Dawn,mashael shah,
Dawn,,
Dawn,going loco for local jugnus chief saab candle is the ultimate karachi kid nostalgia,
Dawn,siham basir,
Dawn,,
Dawn,fistula and child marriages the two epidemics plaguing women in gilgitbaltistan,
Dawn,shereen karim,
Dawn,,
Dawn,elections whats at stake for indias minorities,
Dawn,sajjad hassan,
Dawn,,
Dawn,from screens to streets how gen z is disrupting the status quo and redefining activism,
Dawn,uzair m younus,
Dawn,,
Dawn,art group employs brainwaves ai to recreate landscapes,
Dawn,afp,
Dawn,,
Dawn,pakistans icubeqamar beams back first images from moons orbit,
Dawn,nadir guramani,
Dawn,,
Dawn,people with two copies of a risk gene have genetic form of alzheimers say scientists,
Dawn,reuters,
Dawn,,
Dawn,fifas foul on pakistan football,
Dawn,umaid wasim,
Dawn,,
Dawn,essay were ready for your closeup now,
Dawn,neha maqsood,
Dawn,,
Dawn,football girls kicking mountains,
Dawn,somaiyah hafeez,
Dawn,,
Dawn,style all about my mother,
Dawn,maliha rehman,
Dawn,,
Dawn,soundscape and now ai music,
Dawn,oliver bown,
Dawn,,
Dawn,the grapevine,
Dawn,pyt,
Dawn,,
Dawn,packaging film sector on the rise,
Dawn,tax reforms easier than expected,
Dawn,wheats tricky procurement,
Dawn,,
Dawn,echoes of love,
Dawn,mailbox,
Dawn,mothers day a letter to my mum,
Dawn,aurora,
Dawn,,
Dawn,challenges working mothers face in the corporate sector,
Dawn,samiya mumtaz to act commercially felt like i was selling my soul to earn but i put myself out there,
Dawn,how digitisation can affect agrifinancing,
Dawn,state grid anhui electric power research institute uses digital tools to prevent floods,
Dawn,zambiachina culture and tourism year kicks off in beijing,
Dawn,onus on us to stop gaza conflict and grant palestine full un membership,
Dawn,,
Dawn,state grid anhui electric power research institute uses digital tools to prevent floods,
Dawn,zambiachina culture and tourism year kicks off in beijing,
Dawn,onus on us to stop gaza conflict and grant palestine full un membership,
Dawn,,
Dawn,dawncom,
Dawn,wwwcompunodecom,designed for
Dawn,dawn,
Dawn,,
Dawn,,
Dawn,,
Dawn,,
Dawn,,
Dawn,,
Dawn,,
Dawn,classifieds,
Dawn,obituaries,
Dawn,herald,
Dawn,aurora,
Dawn,dawn news,
Dawn,images,
Dawn,cityfm,
Dawn,teeli,
BBC,audio,
BBC,weather,
BBC,livepremier league arsenal beat man utd to keep title race alive reaction reportfollow live text updates as manchester united take on arsenal in the premier leaguesee more,
BBC,livebafta gives out british tvs biggest awardsthe bafta tv awards gets under way in londons royal festival hall,
BBC,the essential listthe weeks best stories handpicked by bbc editors in your inbox every tuesday and friday,
BBC,us election unspuncut through the spin with north america correspondent anthony zurcher in your inbox every wednesday,
BBC,in historydiscover the headlines from this week in history see the past come to life through the bbcs unique archive in your inbox every thursday,
BBC,home,
BBC,audio,
BBC,weather,
BBC,bbc shop,
BBC,terms of use,
BBC,about the bbc,
BBC,privacy policy,
BBC,cookies,
BBC,accessibility help,
BBC,contact the bbc,
BBC,advertise with us,
BBC,do not share or sell my info,
BBC,contact technical support,
BBC,read about our approach to external linking,
